{"PRODUCT_ID1":{"product_id":"kids_wear1","product_name":"Frock","product_category":"Kid's Wear","product_description":"Yellow Frock","product_price":20.99,"product_quantity":2},"PRODUCT_ID2":{"product_id":"kids_wear2","product_name":"Girls T-shirt","product_category":"Kid's Wear","product_description":"Black T-Shirt","product_price":21.99,"product_quantity":3},"PRODUCT_ID3":{"product_id":"kids_wear3","product_name":"Girls Jumpsuit","product_category":"Kid's Wear","product_description":"Black Jumpsuit","product_price":29.99,"product_quantity":4},"PRODUCT_ID4":{"product_id":"kids_wear4","product_name":"Girls Long Frock","product_category":"Kid's Wear","product_description":"Light Pink one-piece","product_price":31.99,"product_quantity":0},"PRODUCT_ID5":{"product_id":"kids_wear5","product_name":"Boys ShirtPant","product_category":"Kid's Wear","product_description":"boys full pair","product_price":17.99,"product_quantity":6}}